ProteinRes,ProteinID,RNARes,RNAID,Occupancy
ARG,97,U,484,100.0
ARG,153,U,483,99.97
ASN,25,U,483,99.42
LEU,61,U,482,99.28
ASN,188,U,482,98.98
ARG,136,U,481,97.45
SER,99,U,484,97.26
ARG,153,U,482,97.09
ARG,206,G,347,91.05
ARG,136,G,480,90.83
ASN,107,U,482,88.91
SER,100,U,484,86.61
LYS,191,C,475,85.72
ASN,186,U,483,83.07
LYS,50,U,485,82.58
ARG,85,A,479,81.78
PRO,266,A,473,81.56
LYS,89,G,480,80.62
ASN,186,U,482,79.16
GLU,6,U,535,78.2
THR,321,A,525,77.63
LYS,89,U,482,77.05
LYS,323,A,524,75.73
ASN,30,C,475,74.68
SER,88,A,478,74.22
GLU,101,C,534,73.96000000000001
ARG,205,G,347,73.15
TYR,26,U,482,72.32
LYS,55,A,486,71.95
ARG,206,G,348,71.76
ASN,134,U,483,71.57
SER,100,U,535,69.87
GLN,262,U,378,69.72
ASP,105,U,484,68.34
ASN,235,U,464,66.91
MET,1,U,488,66.46
GLN,198,U,349,65.59
ASN,3,C,487,65.5
ASN,235,G,463,65.11
ALA,204,G,347,64.73
PHE,319,U,526,64.22
SER,100,C,534,63.77
GLY,62,U,482,62.580000000000005
LYS,89,U,481,62.44
SER,232,A,465,61.95
SER,88,U,476,59.519999999999996
ARG,128,U,404,58.830000000000005
GLN,141,A,479,55.05
GLN,29,A,474,54.43
SER,99,U,535,52.56999999999999
LYS,323,A,523,51.21
LYS,104,U,485,50.8
ARG,128,U,403,50.68
GLN,87,U,476,49.78
SER,232,A,467,49.14
ASN,3,A,533,48.1
PHE,319,A,525,47.97
ASP,124,U,403,47.77
GLN,141,A,478,47.599999999999994
MET,1,C,489,46.43
LYS,191,A,474,45.5
SER,127,U,403,44.67
ARG,206,C,357,44.190000000000005
SER,202,G,348,43.38
LYS,320,A,525,43.14
ASN,280,A,511,42.6
LYS,320,U,495,42.230000000000004
SER,318,U,526,42.04
VAL,236,U,464,40.52
ARG,85,A,478,40.39
ASP,16,G,536,39.82
GLU,6,G,536,37.940000000000005
ASP,226,U,469,37.669999999999995
GLY,233,A,465,36.19
SER,99,C,534,36.0
SER,324,A,524,35.64
LEU,310,U,379,35.15
LEU,231,U,464,34.510000000000005
TYR,308,U,379,34.489999999999995
ARG,217,A,377,34.23
LYS,323,A,498,33.6
ASN,3,U,488,33.379999999999995
PHE,207,G,347,32.99
GLN,198,G,348,32.66
SER,324,A,525,32.07
GLU,297,A,474,31.740000000000002
PHE,207,U,379,30.680000000000003
VAL,236,G,463,29.799999999999997
ASN,280,A,447,29.349999999999998
ASN,21,U,485,28.660000000000004
ARG,217,U,378,28.65
GLY,238,U,464,28.51
ASN,280,A,512,27.66
SER,88,G,480,27.55
PRO,266,C,472,27.42
ASN,30,U,476,27.11
LYS,92,U,483,27.04
GLY,4,C,487,26.529999999999998
SER,229,U,468,25.840000000000003
PRO,237,U,464,25.15
ASP,7,G,536,24.709999999999997
SER,88,U,477,24.57
LYS,50,A,486,23.35
MET,1,C,487,23.26
ASN,239,G,463,23.21
LYS,326,A,525,23.0
MET,9,G,536,22.97
LYS,323,C,497,22.5
MET,228,A,467,22.400000000000002
SER,229,A,467,21.72
MET,228,U,468,21.709999999999997
ASN,107,U,481,21.7
PRO,98,U,535,21.240000000000002
GLN,198,A,473,20.549999999999997
VAL,225,U,468,20.5
SER,202,U,349,20.1
GLY,238,G,463,19.68
GLN,214,A,377,19.49
MET,300,A,473,19.18
LYS,120,U,403,18.6
LYS,104,C,534,18.360000000000003
SER,229,U,469,17.65
SER,232,C,466,17.49
PHE,267,A,473,16.86
GLN,214,U,376,16.38
ASP,226,U,470,16.220000000000002
TYR,249,A,494,15.590000000000002
ASN,3,C,534,15.32
TYR,63,U,485,14.85
GLU,101,U,535,14.49
ASN,3,C,532,14.24
GLY,208,C,357,14.099999999999998
THR,321,U,526,14.099999999999998
ARG,206,C,358,13.99
LYS,285,A,511,13.950000000000001
SER,241,G,463,13.5
ASN,239,G,462,12.9
LYS,55,A,527,12.68
ASP,226,U,468,12.4
LEU,27,U,482,12.32
ARG,309,U,380,12.26
SER,2,U,488,12.19
LYS,55,U,528,12.15
ASN,280,U,513,12.07
ASN,306,A,527,11.62
SER,197,U,349,11.29
ASP,16,A,537,11.25
ARG,97,U,483,11.09
MET,300,A,474,11.01
LYS,285,A,512,10.9
GLN,316,A,527,10.72
TYR,249,U,493,10.7
LYS,89,U,476,9.82
ASP,278,A,512,9.790000000000001
PRO,187,U,482,9.74
GLY,238,A,465,9.55
ASP,7,U,535,9.47
LYS,50,C,487,9.25
SER,197,U,350,8.73
ASN,3,G,536,8.62
TYR,5,C,487,8.4
GLY,311,U,379,8.37
GLY,208,U,378,8.27
HIS,59,A,474,7.89
SER,202,G,347,7.86
PHE,279,A,447,7.85
SER,99,U,485,7.79
ILE,103,U,484,7.580000000000001
HIS,213,U,363,7.5
GLN,29,U,482,7.249999999999999
ASN,280,U,446,7.1
PRO,187,U,481,6.83
MET,125,U,403,6.710000000000001
LYS,104,U,484,6.7
SER,232,U,468,6.52
LEU,51,A,486,6.47
PHE,207,C,357,6.460000000000001
LYS,323,A,525,6.4399999999999995
LYS,191,U,481,6.34
GLN,214,U,378,6.329999999999999
GLY,4,G,536,6.32
ARG,153,U,484,6.260000000000001
ASN,306,U,528,6.09
ASN,3,A,537,5.94
ASN,239,A,461,5.93
GLU,11,G,536,5.800000000000001
GLN,33,A,486,5.74
TYR,5,U,488,5.7
GLN,262,A,377,5.6899999999999995
ASP,254,U,379,5.680000000000001
GLY,209,U,363,5.66
MET,228,U,469,5.510000000000001
VAL,225,U,469,5.4
ASN,30,A,474,5.35
HIS,201,G,348,5.27
SER,229,C,466,5.24
ALA,240,G,462,5.1
SER,232,U,464,4.99
ASN,190,U,351,4.8500000000000005
GLU,296,A,473,4.83
ARG,19,A,538,4.5600000000000005
SER,2,G,536,4.53
VAL,139,A,479,4.43
ASN,280,A,514,4.41
PRO,98,U,484,4.41
GLY,209,C,357,4.41
ALA,240,G,463,4.34
VAL,139,G,480,4.34
TYR,5,G,536,4.2700000000000005
GLU,101,U,485,4.19
PHE,279,U,446,4.17
LYS,89,C,475,4.06
LYS,326,U,526,4.03
GLN,214,U,379,4.01
ARG,219,U,469,3.93
HIS,201,U,350,3.7900000000000005
ARG,309,U,379,3.7900000000000005
GLN,198,U,350,3.73
HIS,325,A,486,3.5999999999999996
SER,88,A,479,3.5999999999999996
PRO,210,U,365,3.5900000000000003
TYR,26,U,483,3.58
SER,2,C,487,3.56
ALA,240,A,465,3.52
THR,142,A,478,3.5000000000000004
ARG,19,A,539,3.4799999999999995
HIS,325,U,526,3.45
ASN,322,A,523,3.38
ARG,206,U,380,3.3000000000000003
SER,2,C,489,3.2099999999999995
ARG,309,U,381,3.09
TYR,26,U,481,3.08
MET,9,A,537,3.08
ARG,217,U,379,2.9000000000000004
ASN,282,U,446,2.87
ASP,155,A,539,2.83
ARG,206,U,379,2.8000000000000003
GLY,4,A,533,2.71
MET,228,C,466,2.7
LYS,191,U,351,2.69
ALA,10,A,537,2.67
ARG,19,A,537,2.64
SER,232,U,469,2.58
GLY,4,U,488,2.55
GLN,198,C,472,2.5100000000000002
LYS,326,A,524,2.5
ASP,256,U,378,2.48
ARG,147,A,479,2.46
GLY,209,U,365,2.44
ARG,205,U,379,2.42
GLN,29,C,475,2.27
TYR,63,U,482,2.22
LYS,156,A,539,2.16
GLY,209,U,378,2.08
LYS,326,A,523,2.06
TYR,249,A,527,2.06
ASP,16,A,538,2.01
GLY,238,C,466,1.9800000000000002
GLU,297,C,472,1.97
GLN,316,U,493,1.96
ASP,278,A,511,1.9300000000000002
GLU,101,A,533,1.92
ARG,97,A,538,1.8599999999999999
GLU,297,A,473,1.81
ARG,206,A,346,1.79
ASN,3,U,535,1.7399999999999998
LEU,195,A,473,1.69
PHE,207,U,378,1.69
TYR,308,G,347,1.66
MET,1,A,525,1.63
HIS,325,A,525,1.63
LEU,310,U,380,1.6099999999999999
LYS,326,U,488,1.6
LYS,326,A,486,1.52
ASP,256,U,379,1.46
SER,324,A,486,1.4500000000000002
SER,324,A,523,1.4200000000000002
SER,2,A,537,1.41
LYS,191,G,480,1.39
HIS,201,U,349,1.31
TYR,249,U,526,1.31
ASN,282,A,447,1.3
GLY,258,U,378,1.24
HIS,59,A,473,1.22
PHE,279,U,513,1.21
ARG,131,A,539,1.1900000000000002
ASN,239,A,465,1.16
SER,94,U,483,1.16
GLY,233,U,464,1.1400000000000001
VAL,225,U,470,1.13
MET,1,A,537,1.09
SER,100,U,485,1.06
TYR,5,U,485,1.03
ARG,53,A,486,0.9900000000000001
PRO,210,U,471,0.9900000000000001
LYS,285,U,495,0.95
ASP,16,A,539,0.9299999999999999
GLY,233,U,469,0.8999999999999999
LYS,274,U,448,0.86
PRO,210,C,357,0.8500000000000001
SER,318,A,527,0.84
ASN,235,A,500,0.8
ASN,235,A,465,0.79
ARG,85,G,480,0.77
ALA,10,G,536,0.77
ASN,188,U,481,0.77
SER,60,U,482,0.76
ASN,280,A,445,0.76
GLU,296,A,474,0.73
GLN,87,C,475,0.72
ASN,322,A,524,0.7000000000000001
VAL,236,A,465,0.67
TYR,63,U,484,0.66
LYS,323,G,496,0.66
ASP,7,A,537,0.66
HIS,212,C,472,0.62
LYS,55,U,526,0.59
ARG,97,A,539,0.59
LYS,50,U,488,0.5700000000000001
ALA,185,U,481,0.5599999999999999
ASN,239,U,464,0.5599999999999999
ALA,204,G,348,0.5499999999999999
CYS,13,A,539,0.5499999999999999
ASP,312,U,380,0.52
PHE,267,A,474,0.52
THR,90,G,480,0.5
GLY,311,U,380,0.5
SER,99,A,533,0.5
ASN,235,G,462,0.5
LYS,274,A,447,0.49
MET,1,A,538,0.47000000000000003
ASN,322,C,497,0.45999999999999996
SER,229,U,464,0.45999999999999996
HIS,212,U,471,0.44999999999999996
TYR,95,U,484,0.44999999999999996
GLN,198,C,355,0.44
HIS,213,C,357,0.44
GLY,238,G,462,0.42
LYS,323,U,495,0.41000000000000003
LYS,283,U,513,0.41000000000000003
GLU,6,U,485,0.41000000000000003
ARG,219,U,468,0.38999999999999996
LYS,320,G,496,0.38999999999999996
GLY,233,A,467,0.38
HIS,212,U,378,0.38
MET,1,A,524,0.38
GLY,230,A,467,0.37
TYR,5,A,537,0.36
GLN,214,U,363,0.33999999999999997
VAL,234,U,464,0.33999999999999997
PHE,267,C,472,0.33
HIS,325,A,524,0.33
MET,9,A,539,0.33
HIS,212,U,363,0.32
ARG,206,U,378,0.31
GLN,141,G,480,0.31
ASP,254,U,380,0.3
ARG,131,U,403,0.3
LYS,323,G,522,0.3
PRO,173,U,403,0.29
HIS,213,U,471,0.29
ALA,10,A,539,0.27999999999999997
GLY,15,G,536,0.27
MET,223,U,469,0.25
GLY,209,A,377,0.24
GLN,216,U,471,0.22999999999999998
HIS,213,U,364,0.22
LEU,231,A,465,0.22
SER,242,G,463,0.22
GLY,238,A,500,0.22
ASP,121,U,403,0.21
HIS,227,U,468,0.2
ARG,219,U,471,0.2
PRO,210,U,470,0.19
ASN,134,U,482,0.19
ARG,309,G,347,0.16999999999999998
ARG,147,U,352,0.16
LYS,104,U,535,0.13999999999999999
GLN,198,A,474,0.13999999999999999
ILE,133,U,483,0.13999999999999999
LYS,191,U,476,0.13
GLN,214,U,364,0.13
GLN,216,C,472,0.13
LYS,283,A,512,0.13
PRO,210,U,363,0.13
ASN,3,C,489,0.13
LYS,285,C,449,0.13
ARG,219,U,470,0.13
HIS,212,A,377,0.13
ASP,312,U,381,0.12
GLY,174,U,404,0.12
ASN,188,A,474,0.12
SER,241,G,462,0.11
ASN,188,U,483,0.11
GLU,297,U,471,0.11
ASP,12,A,539,0.11
VAL,211,U,471,0.11
GLU,297,U,476,0.11
GLY,233,U,470,0.1
GLN,316,A,494,0.1
ASP,140,A,478,0.1
GLN,141,U,477,0.1
LYS,92,U,481,0.1
ASN,294,U,476,0.1
ALA,215,U,471,0.09
GLN,262,U,379,0.09
VAL,102,C,534,0.09
ILE,259,U,378,0.09
ASP,54,A,486,0.09
TYR,200,U,528,0.08
ARG,147,A,478,0.08
ARG,147,G,480,0.08
ASN,188,C,475,0.08
ASN,107,U,483,0.06999999999999999
ASN,239,A,500,0.06999999999999999
PRO,203,G,347,0.06999999999999999
ASN,190,U,350,0.06999999999999999
HIS,213,U,470,0.06999999999999999
SER,318,A,525,0.06999999999999999
GLN,316,U,528,0.06999999999999999
GLY,208,C,358,0.06999999999999999
ASP,105,U,483,0.06
PRO,173,U,404,0.06
ALA,194,A,473,0.06
TYR,63,U,483,0.06
LYS,285,U,513,0.05
GLU,11,A,537,0.05
LYS,191,A,473,0.05
LYS,104,A,533,0.05
GLN,216,U,470,0.05
VAL,102,U,535,0.05
HIS,213,A,362,0.05
VAL,317,A,527,0.05
ASN,322,U,495,0.05
MET,1,G,536,0.05
LYS,156,A,538,0.04
ASP,226,U,471,0.04
MET,1,U,485,0.04
SER,197,G,348,0.04
LYS,274,C,449,0.04
HIS,213,U,378,0.04
ARG,128,U,405,0.04
TYR,249,U,495,0.04
GLY,258,A,377,0.04
GLY,4,U,535,0.04
PRO,237,A,465,0.04
GLU,6,C,487,0.04
GLY,174,U,403,0.04
ASP,140,A,479,0.03
SER,221,G,463,0.03
GLY,208,C,356,0.03
PHE,279,A,512,0.03
MET,228,A,465,0.03
LYS,50,A,525,0.03
LYS,285,A,494,0.03
SER,127,U,404,0.03
ASP,7,A,538,0.03
TYR,5,A,533,0.03
HIS,213,U,379,0.03
GLY,15,A,537,0.03
LYS,285,A,510,0.02
ASN,322,A,498,0.02
ASN,239,C,499,0.02
GLN,214,U,380,0.02
ARG,85,U,477,0.02
GLY,230,C,466,0.02
THR,321,A,524,0.02
ASN,134,U,481,0.02
ALA,215,U,378,0.02
MET,228,U,470,0.02
ASN,294,U,471,0.02
MET,223,U,376,0.02
PHE,207,A,377,0.02
GLN,316,U,526,0.02
ASP,226,A,467,0.02
SER,232,U,470,0.02
MET,1,A,486,0.02
ARG,97,U,485,0.02
ASN,192,A,474,0.02
SER,324,G,522,0.02
ASP,7,A,533,0.02
LEU,199,G,348,0.01
GLY,208,U,379,0.01
LYS,323,U,526,0.01
MET,223,A,362,0.01
THR,90,A,479,0.01
GLU,123,U,403,0.01
ALA,194,U,349,0.01
SER,304,A,473,0.01
ARG,131,A,537,0.01
GLY,4,A,537,0.01
MET,228,U,464,0.01
VAL,225,A,362,0.01
ASN,239,C,466,0.01
PHE,279,A,511,0.01
LYS,326,C,487,0.01
GLU,296,U,476,0.01
SER,135,U,481,0.01
GLY,130,U,403,0.01
GLY,233,C,466,0.01
LYS,191,U,482,0.01
MET,1,C,532,0.01
VAL,234,A,465,0.01
PRO,28,U,482,0.01
GLN,87,U,477,0.01
GLY,15,A,539,0.01
ASN,239,C,460,0.01
GLN,253,U,424,0.01
TYR,109,U,351,0.01
THR,142,U,477,0.01
ASN,294,A,474,0.01
SER,242,G,462,0.01
VAL,225,U,361,0.01
PRO,203,G,348,0.01
ASP,278,U,446,0.01
GLN,198,C,357,0.01
SER,202,C,357,0.01
ASN,3,A,538,0.01
PHE,279,U,448,0.01
LEU,231,G,463,0.01
LYS,156,G,536,0.01
